{
  "name": "angular-easyfb",
  "version": "1.5.1",
  "description": "Super easy AngularJS + Facebook JavaScript SDK.",
  "main": "./build/angular-easyfb.js",
  "ignore": [
    "**/.*",
    "node_modules",
    "bower_components",
    "Gruntfile.js",
    "package.json",
    "test",
    "tests"
  ],
  "dependencies": {},
  "devDependencies": {
    "angular": "^1.4.0",
    "angular-mocks": "^1.4.0"
  },
  "homepage": "https://github.com/pc035860/angular-easyfb",
  "_release": "1.5.1",
  "_resolution": {
    "type": "version",
    "tag": "v1.5.1",
    "commit": "91f6949d587ed19509b03822c6b1f53699af4454"
  },
  "_source": "https://github.com/pc035860/angular-easyfb.git",
  "_target": "^1.5.1",
  "_originalSource": "angular-easyfb",
  "_direct": true
}